year,month,day,departure_time,arrival_time,carrier,flight_number,aircraft_registration,flight_time,airport_origin,airport_destination,distance,is_cancelled,is_diverted
2008,1,3,1343,1451,WN,588,N240WN,68,HOU,LIT,393,0,0
2008,1,3,1125,1247,WN,1343,N523SW,82,HOU,MAF,441,0,0
2008,1,3,2009,2136,WN,3841,N280WN,87,HOU,MAF,441,0,0
2008,1,3,903,1203,WN,3,N308SA,120,HOU,MCO,848,0,0
2008,1,3,1423,1726,WN,25,N462WN,123,HOU,MCO,848,0,0
2008,1,3,2024,2325,WN,51,N483WN,121,HOU,MCO,848,0,0
2008,1,3,1753,2053,WN,940,N493WN,120,HOU,MCO,848,0,0
2008,1,3,622,935,WN,2621,N266WN,133,HOU,MCO,848,0,0
2008,1,3,1944,2210,WN,389,N266WN,146,HOU,MDW,937,0,0
2008,1,3,1453,1716,WN,519,N514SW,143,HOU,MDW,937,0,0
2008,1,3,2030,2251,WN,894,N716SW,141,HOU,MDW,937,0,0
2008,1,3,708,936,WN,969,N215WN,148,HOU,MDW,937,0,0
2008,1,3,1749,2039,WN,2174,N623SW,170,HOU,MDW,937,0,0
2008,1,3,1217,1431,WN,2445,N651SW,134,HOU,MDW,937,0,0
2008,1,3,954,1206,WN,2974,N447WN,132,HOU,MDW,937,0,0
2008,1,3,1758,1854,WN,41,N240WN,56,HOU,MSY,303,0,0
2008,1,3,2210,2305,WN,78,N268WN,55,HOU,MSY,303,0,0
2008,1,3,740,836,WN,311,N504SW,56,HOU,MSY,303,0,0
2008,1,3,1011,1116,WN,521,N332SW,65,HOU,MSY,303,0,0
2008,1,3,1612,1707,WN,714,N305SW,55,HOU,MSY,303,0,0
2008,1,3,1124,1229,WN,788,N426WN,65,HOU,MSY,303,0,0
2008,1,3,824,922,WN,880,N523SW,58,HOU,MSY,303,0,0
2008,1,3,2112,2207,WN,1257,N507SW,55,HOU,MSY,303,0,0
2008,1,3,641,737,WN,1317,N366SW,56,HOU,MSY,303,0,0
2008,1,3,1713,1810,WN,1776,N408WN,57,HOU,MSY,303,0,0
2008,1,3,1414,1516,WN,3234,N296WN,62,HOU,MSY,303,0,0
2008,1,3,1915,2138,WN,1192,N274WN,263,HOU,OAK,1642,0,0
2008,1,3,929,1138,WN,2011,N292WN,249,HOU,OAK,1642,0,0
2008,1,3,1214,1335,WN,877,N362SW,81,HOU,OKC,419,0,0
2008,1,3,1318,1434,WN,956,N728SW,76,HOU,OKC,419,0,0
2008,1,3,1735,1858,WN,1230,N677AA,83,HOU,OKC,419,0,0
2008,1,3,904,1018,WN,1916,N357SW,74,HOU,OKC,419,0,0
2008,1,3,1555,2007,WN,31,N793SA,192,HOU,PHL,1335,0,0
2008,1,3,807,1213,WN,476,N237WN,186,HOU,PHL,1335,0,0
2008,1,3,926,1112,WN,1481,N227WN,166,HOU,PHX,1020,0,0
2008,1,3,1544,1728,WN,1600,N769SW,164,HOU,PHX,1020,0,0
2008,1,3,1931,2119,WN,2100,N704SW,168,HOU,PHX,1020,0,0
2008,1,3,2206,2353,WN,3154,N252WN,167,HOU,PHX,1020,0,0
2008,1,3,658,847,WN,3230,N728SW,169,HOU,PHX,1020,0,0
2008,1,3,1254,1415,WN,1314,N768SW,201,HOU,SAN,1312,0,0
2008,1,3,1343,1435,WN,63,N305SW,52,HOU,SAT,192,0,0
2008,1,3,13,57,WN,186,N792SW,44,HOU,SAT,192,0,0
2008,1,3,NA,NA,WN,609,,NA,HOU,SAT,192,1,0
2008,1,3,840,926,WN,626,N417WN,46,HOU,SAT,192,0,0
2008,1,3,2058,2149,WN,1410,N614SW,51,HOU,SAT,192,0,0
2008,1,3,1035,1124,WN,2089,N504SW,49,HOU,SAT,192,0,0
2008,1,3,1529,1618,WN,2436,N623SW,49,HOU,SAT,192,0,0
2008,1,3,1713,1800,WN,3321,N296WN,47,HOU,SAT,192,0,0
2008,1,3,629,819,WN,426,N360SW,110,HOU,STL,687,0,0
2008,1,3,1315,1508,WN,2176,N504SW,113,HOU,STL,687,0,0
2008,1,3,1857,2058,WN,3574,N644SW,121,HOU,STL,687,0,0
2008,1,3,939,1125,WN,3845,N248WN,106,HOU,STL,687,0,0
2008,1,3,1629,1938,WN,29,N652SW,129,HOU,TPA,781,0,0
2008,1,3,1952,2245,WN,45,N631SW,113,HOU,TPA,781,0,0
2008,1,3,818,1115,WN,201,N251WN,117,HOU,TPA,781,0,0
2008,1,3,1122,1415,WN,968,N417WN,113,HOU,TPA,781,0,0
2008,1,3,704,822,WN,308,N502SW,78,HOU,TUL,453,0,0
2008,1,3,2016,2141,WN,1491,N366SW,85,HOU,TUL,453,0,0
2008,1,3,1125,1246,WN,1685,N341SW,81,HOU,TUL,453,0,0
2008,1,3,1723,1845,WN,3915,N528SW,82,HOU,TUL,453,0,0
2008,1,3,1414,1510,WN,1417,N515SW,56,HRL,AUS,273,0,0
2008,1,3,631,723,WN,8,N339SW,52,HRL,HOU,276,0,0
2008,1,3,859,1004,WN,18,N418WN,65,HRL,HOU,276,0,0
2008,1,3,1054,1144,WN,24,N503SW,50,HRL,HOU,276,0,0
2008,1,3,1210,1302,WN,30,N689SW,52,HRL,HOU,276,0,0
2008,1,3,1407,1459,WN,36,N511SW,52,HRL,HOU,276,0,0
2008,1,3,1549,1649,WN,44,N512SW,60,HRL,HOU,276,0,0
2008,1,3,1744,1838,WN,50,N525SW,54,HRL,HOU,276,0,0
2008,1,3,1826,1921,WN,56,N522SW,55,HRL,HOU,276,0,0
2008,1,3,2040,2131,WN,64,N470WN,51,HRL,HOU,276,0,0
2008,1,3,942,1031,WN,1170,N507SW,49,HRL,SAT,233,0,0
2008,1,3,2029,2121,WN,2023,N295WN,52,HRL,SAT,233,0,0
2008,1,3,816,1052,WN,2622,N445WN,336,IAD,LAS,2066,0,0
2008,1,3,1520,1723,WN,1491,N366SW,123,IAD,MCO,758,0,0
2008,1,3,956,1153,WN,3760,N672SW,117,IAD,MCO,758,0,0
2008,1,3,1100,1148,WN,470,N657SW,108,IAD,MDW,577,0,0
2008,1,3,639,726,WN,511,N272WN,107,IAD,MDW,577,0,0
2008,1,3,2302,2351,WN,999,N652SW,109,IAD,MDW,577,0,0
2008,1,3,1903,1955,WN,1394,N294WN,112,IAD,MDW,577,0,0
2008,1,3,1509,1558,WN,1662,N461WN,109,IAD,MDW,577,0,0
2008,1,3,947,1034,WN,2019,N392SW,107,IAD,MDW,577,0,0
2008,1,3,2003,2211,WN,335,N712SW,128,IAD,TPA,810,0,0
2008,1,3,754,1002,WN,3231,N772SW,128,IAD,TPA,810,0,0
2008,1,3,628,804,WN,448,N428WN,96,IND,BWI,515,0,0
2008,1,3,926,1054,WN,1746,N612SW,88,IND,BWI,515,0,0
2008,1,3,1829,1959,WN,3920,N464WN,90,IND,BWI,515,0,0
2008,1,3,1940,2121,WN,378,N726SW,101,IND,JAX,688,0,0
2008,1,3,1937,2037,WN,509,N763SW,240,IND,LAS,1591,0,0
2008,1,3,1039,1132,WN,535,N428WN,233,IND,LAS,1591,0,0
2008,1,3,617,652,WN,11,N689SW,95,IND,MCI,451,0,0
2008,1,3,1620,1639,WN,810,N648SW,79,IND,MCI,451,0,0
2008,1,3,706,916,WN,100,N690SW,130,IND,MCO,828,0,0
2008,1,3,1644,1845,WN,1333,N334SW,121,IND,MCO,828,0,0
2008,1,3,1426,1426,WN,829,N476WN,60,IND,MDW,162,0,0
2008,1,3,715,720,WN,1016,N765SW,65,IND,MDW,162,0,0
2008,1,3,1702,1651,WN,1827,N420WN,49,IND,MDW,162,0,0
2008,1,3,1029,1021,WN,2272,N263WN,52,IND,MDW,162,0,0
2008,1,3,1452,1640,WN,675,N286WN,228,IND,PHX,1489,0,0
2008,1,3,754,940,WN,1144,N778SW,226,IND,PHX,1489,0,0
2008,1,3,1323,1526,WN,4,N674AA,123,IND,TPA,838,0,0
2008,1,3,1416,1512,WN,54,N643SW,56,ISP,BWI,220,0,0
2008,1,3,706,807,WN,68,N497WN,61,ISP,BWI,220,0,0
2008,1,3,1657,1754,WN,623,N724SW,57,ISP,BWI,220,0,0
2008,1,3,1900,1956,WN,717,N786SW,56,ISP,BWI,220,0,0
2008,1,3,1039,1133,WN,1244,N714CB,54,ISP,BWI,220,0,0
2008,1,3,801,902,WN,2101,N222WN,61,ISP,BWI,220,0,0
2008,1,3,1520,1619,WN,2553,N394SW,59,ISP,BWI,220,0,0
2008,1,3,1422,1657,WN,188,N215WN,155,ISP,FLL,1093,0,0
2008,1,3,1954,2239,WN,1754,N243WN,165,ISP,FLL,1093,0,0
2008,1,3,636,921,WN,2275,N454WN,165,ISP,FLL,1093,0,0
2008,1,3,734,958,WN,550,N712SW,324,ISP,LAS,2283,0,0
2008,1,3,2107,2334,WN,362,N798SW,147,ISP,MCO,972,0,0
2008,1,3,1008,1234,WN,543,N736SA,146,ISP,MCO,972,0,0
2008,1,3,712,953,WN,1112,N795SW,161,ISP,MCO,972,0,0
2008,1,3,1312,1546,WN,1397,N247WN,154,ISP,MCO,972,0,0
2008,1,3,1449,1715,WN,3398,N707SA,146,ISP,MCO,972,0,0
2008,1,3,1634,1859,WN,3480,N443WN,145,ISP,MCO,972,0,0
2008,1,3,831,935,WN,300,N753SW,124,ISP,MDW,765,0,0
2008,1,3,1812,1927,WN,422,N779SW,135,ISP,MDW,765,0,0
2008,1,3,1127,1235,WN,1837,N704SW,128,ISP,MDW,765,0,0
2008,1,3,1424,1531,WN,2871,N709SW,127,ISP,MDW,765,0,0
2008,1,3,1326,1559,WN,1056,N459WN,153,ISP,PBI,1052,0,0
2008,1,3,1749,2019,WN,2175,N621SW,150,ISP,PBI,1052,0,0
2008,1,3,726,958,WN,3319,N206WN,152,ISP,PBI,1052,0,0
2008,1,3,646,929,WN,3667,N280WN,163,ISP,RSW,1101,0,0
2008,1,3,1153,1428,WN,2006,N241WN,155,ISP,TPA,1034,0,0
2008,1,3,1528,1802,WN,3858,N200WN,154,ISP,TPA,1034,0,0
2008,1,3,634,907,WN,3928,N459WN,153,ISP,TPA,1034,0,0
2008,1,3,831,1148,WN,534,N286WN,137,JAN,BWI,888,0,0
2008,1,3,1450,1806,WN,3244,N475WN,136,JAN,BWI,888,0,0
2008,1,3,2245,2354,WN,186,N792SW,69,JAN,HOU,359,0,0
2008,1,3,615,724,WN,971,N202WN,69,JAN,HOU,359,0,0
2008,1,3,1150,1303,WN,2124,N646SW,73,JAN,HOU,359,0,0
2008,1,3,2025,2135,WN,3154,N252WN,70,JAN,HOU,359,0,0
2008,1,3,1038,1314,WN,1035,N346SW,96,JAN,MCO,587,0,0
2008,1,3,1900,2123,WN,205,N299WN,143,JAN,MDW,666,0,0
2008,1,3,700,851,WN,449,N528SW,111,JAN,MDW,666,0,0
2008,1,3,948,959,WN,3430,N487WN,71,JAX,BHM,365,0,0
2008,1,3,646,725,WN,1580,N243WN,99,JAX,BNA,484,0,0
2008,1,3,1110,1136,WN,2195,N479WN,86,JAX,BNA,484,0,0
2008,1,3,1535,1603,WN,2804,N255WN,88,JAX,BNA,484,0,0
2008,1,3,1919,1942,WN,3428,N215WN,83,JAX,BNA,484,0,0
2008,1,3,1053,1245,WN,433,N264LV,112,JAX,BWI,663,0,0
2008,1,3,1433,1623,WN,1331,N714CB,110,JAX,BWI,663,0,0
2008,1,3,2015,2158,WN,3504,N436WN,103,JAX,BWI,663,0,0
2008,1,3,2139,2244,WN,378,N726SW,65,JAX,FLL,318,0,0
2008,1,3,1500,1602,WN,640,N399WN,62,JAX,FLL,318,0,0
2008,1,3,850,1000,WN,1396,N387SW,70,JAX,FLL,318,0,0
2008,1,3,646,752,WN,2189,N405WN,66,JAX,FLL,318,0,0
2008,1,3,1221,1328,WN,3312,N685SW,67,JAX,FLL,318,0,0
2008,1,3,1738,1841,WN,3948,N467WN,63,JAX,FLL,318,0,0
2008,1,3,1813,1936,WN,54,N643SW,143,JAX,HOU,816,0,0
2008,1,3,802,1001,WN,2272,N263WN,119,JAX,IND,688,0,0
2008,1,3,1820,1946,WN,549,N363SW,86,JAX,ORF,543,0,0
2008,1,3,821,953,WN,3604,N257WN,92,JAX,ORF,543,0,0
2008,1,3,1734,1941,WN,23,N521SW,127,JAX,PHL,742,0,0
2008,1,3,712,926,WN,1232,N663SW,134,JAX,PHL,742,0,0
2008,1,3,1318,1410,WN,977,N376SW,52,JAX,TPA,180,0,0
2008,1,3,958,1052,WN,1574,N791SW,54,JAX,TPA,180,0,0
2008,1,3,1859,1950,WN,2019,N392SW,51,JAX,TPA,180,0,0
2008,1,3,1538,1753,WN,500,N799SW,75,LAS,ABQ,487,0,0
2008,1,3,933,1151,WN,778,N607SW,78,LAS,ABQ,487,0,0
2008,1,3,2248,102,WN,890,N618WN,74,LAS,ABQ,487,0,0
2008,1,3,1327,1550,WN,1171,N682SW,83,LAS,ABQ,487,0,0
2008,1,3,624,846,WN,1320,N456WN,82,LAS,ABQ,487,0,0
2008,1,3,1614,1833,WN,1925,N509SW,79,LAS,ABQ,487,0,0
2008,1,3,1917,2136,WN,2457,N293,79,LAS,ABQ,487,0,0
2008,1,3,1832,148,WN,302,N473WN,256,LAS,ALB,2237,0,0
2008,1,3,1229,1633,WN,1079,N351SW,124,LAS,AMA,758,0,0
2008,1,3,1256,1724,WN,155,N238WN,148,LAS,AUS,1090,0,0
2008,1,3,2118,144,WN,2021,N499WN,146,LAS,AUS,1090,0,0
2008,1,3,905,1334,WN,3222,N309SW,149,LAS,AUS,1090,0,0
2008,1,3,1739,114,WN,1018,N245WN,275,LAS,BDL,2298,0,0
2008,1,3,906,1426,WN,3948,N467WN,200,LAS,BHM,1618,0,0
2008,1,3,816,1339,WN,249,N256WN,203,LAS,BNA,1588,0,0
2008,1,3,1325,1841,WN,419,N275WN,196,LAS,BNA,1588,0,0
2008,1,3,1506,2030,WN,2032,N271WN,204,LAS,BNA,1588,0,0
2008,1,3,2039,155,WN,3940,N434WN,196,LAS,BNA,1588,0,0
2008,1,3,924,1209,WN,71,N312SW,105,LAS,BOI,520,0,0
2008,1,3,1611,1849,WN,538,N619SW,98,LAS,BOI,520,0,0
2008,1,3,1824,117,WN,2383,N290WN,233,LAS,BUF,1987,0,0
2008,1,3,826,930,WN,136,N493WN,64,LAS,BUR,223,0,0
2008,1,3,2118,2224,WN,219,N383SW,66,LAS,BUR,223,0,0
2008,1,3,1818,1916,WN,391,N608SW,58,LAS,BUR,223,0,0
2008,1,3,650,748,WN,670,N777QC,58,LAS,BUR,223,0,0
2008,1,3,2146,2250,WN,815,N626SW,64,LAS,BUR,223,0,0
2008,1,3,2241,2340,WN,1072,N369SW,59,LAS,BUR,223,0,0
2008,1,3,1409,1513,WN,1328,N396SW,64,LAS,BUR,223,0,0
2008,1,3,1100,1157,WN,1586,N293,57,LAS,BUR,223,0,0
2008,1,3,1306,1406,WN,1838,N509SW,60,LAS,BUR,223,0,0
2008,1,3,1726,1832,WN,2284,N409WN,66,LAS,BUR,223,0,0
2008,1,3,915,1017,WN,2699,N278WN,62,LAS,BUR,223,0,0
2008,1,3,1229,1342,WN,2874,N695SW,73,LAS,BUR,223,0,0
2008,1,3,1459,1556,WN,3237,N284WN,57,LAS,BUR,223,0,0
2008,1,3,908,1628,WN,1774,N220WN,260,LAS,BWI,2106,0,0
2008,1,3,1817,122,WN,2632,N784SW,245,LAS,BWI,2106,0,0
2008,1,3,1248,2009,WN,3759,N463WN,261,LAS,BWI,2106,0,0
2008,1,3,956,1658,WN,818,N244WN,242,LAS,CLE,1825,0,0
2008,1,3,1849,121,WN,564,N455WN,212,LAS,CMH,1772,0,0
2008,1,3,1210,1905,WN,991,N297WN,235,LAS,CMH,1772,0,0
2008,1,3,701,941,WN,85,N688SW,100,LAS,DEN,629,0,0
2008,1,3,1047,1328,WN,157,N481WN,101,LAS,DEN,629,0,0
2008,1,3,2232,108,WN,632,N203WN,96,LAS,DEN,629,0,0
2008,1,3,1512,1802,WN,706,N491WN,110,LAS,DEN,629,0,0
2008,1,3,2025,2301,WN,908,N480WN,96,LAS,DEN,629,0,0
2008,1,3,1439,1720,WN,1582,N318SW,101,LAS,DEN,629,0,0
2008,1,3,1627,1916,WN,2907,N647SW,109,LAS,DEN,629,0,0
2008,1,3,1745,2017,WN,2192,N313SW,92,LAS,ELP,584,0,0
2008,1,3,1049,1320,WN,2280,N352SW,91,LAS,ELP,584,0,0
2008,1,3,1117,1325,WN,1636,N321SW,128,LAS,GEG,806,0,0
2008,1,3,1725,1940,WN,2803,N660SW,135,LAS,GEG,806,0,0
2008,1,3,1824,2303,WN,719,N414WN,159,LAS,HOU,1235,0,0
2008,1,3,1150,1644,WN,1776,N408WN,174,LAS,HOU,1235,0,0
2008,1,3,749,1227,WN,3244,N475WN,158,LAS,HOU,1235,0,0
2008,1,3,2051,134,WN,3746,N321SW,163,LAS,HOU,1235,0,0
2008,1,3,1555,2307,WN,1027,N230WN,252,LAS,IAD,2066,0,0
2008,1,3,2255,509,WN,1924,N761RR,194,LAS,IND,1591,0,0
2008,1,3,1129,1757,WN,3920,N464WN,208,LAS,IND,1591,0,0
2008,1,3,1602,2357,WN,3144,N272WN,295,LAS,ISP,2283,0,0
2008,1,3,1738,1838,WN,82,N499WN,60,LAS,LAX,236,0,0
2008,1,3,2207,2306,WN,135,N244WN,59,LAS,LAX,236,0,0
2008,1,3,1851,2004,WN,317,N335SW,73,LAS,LAX,236,0,0
2008,1,3,701,802,WN,337,N488WN,61,LAS,LAX,236,0,0
2008,1,3,1556,1704,WN,354,N496WN,68,LAS,LAX,236,0,0
2008,1,3,1254,1404,WN,784,N401WN,70,LAS,LAX,236,0,0
2008,1,3,840,946,WN,790,N351SW,66,LAS,LAX,236,0,0
2008,1,3,1540,1648,WN,1061,N422WN,68,LAS,LAX,236,0,0
2008,1,3,750,901,WN,1653,N288WN,71,LAS,LAX,236,0,0
2008,1,3,1228,1340,WN,1928,N792SW,72,LAS,LAX,236,0,0
2008,1,3,2047,2209,WN,2367,N352SW,82,LAS,LAX,236,0,0
2008,1,3,2158,2303,WN,2896,N335SW,65,LAS,LAX,236,0,0
2008,1,3,1028,1132,WN,3655,N465WN,64,LAS,LAX,236,0,0
2008,1,3,1423,1530,WN,3917,N609SW,67,LAS,LAX,236,0,0
2008,1,3,1147,1541,WN,2382,N404WN,114,LAS,LBB,775,0,0
2008,1,3,859,1343,WN,565,N787SA,164,LAS,LIT,1295,0,0
2008,1,3,1140,1537,WN,43,N617SW,117,LAS,MAF,796,0,0
2008,1,3,1226,1721,WN,213,N302SW,175,LAS,MCI,1140,0,0
2008,1,3,2118,154,WN,411,N763SW,156,LAS,MCI,1140,0,0
2008,1,3,2003,26,WN,1004,N676SW,143,LAS,MCI,1140,0,0
2008,1,3,1622,2059,WN,1405,N775SW,157,LAS,MCI,1140,0,0
2008,1,3,648,1123,WN,2972,N634SW,155,LAS,MCI,1140,0,0
2008,1,3,1003,1441,WN,3068,N449WN,158,LAS,MCI,1140,0,0
2008,1,3,1319,2033,WN,380,N444WN,254,LAS,MCO,2039,0,0
2008,1,3,1506,2122,WN,74,N764SW,256,LAS,MDW,1521,0,0
2008,1,3,648,1205,WN,227,N723SW,197,LAS,MDW,1521,0,0
2008,1,3,1052,1603,WN,335,N712SW,191,LAS,MDW,1521,0,0
2008,1,3,1424,1941,WN,396,N407WN,197,LAS,MDW,1521,0,0
2008,1,3,1211,1750,WN,693,N232WN,219,LAS,MDW,1521,0,0
2008,1,3,814,1334,WN,823,N725SW,200,LAS,MDW,1521,0,0
2008,1,3,934,1453,WN,830,N436WN,199,LAS,MDW,1521,0,0
2008,1,3,1708,2214,WN,1865,N745SW,186,LAS,MDW,1521,0,0
2008,1,3,1919,31,WN,2025,N740SW,192,LAS,MDW,1521,0,0
2008,1,3,1945,52,WN,2450,N405WN,187,LAS,MDW,1521,0,0
2008,1,3,2057,202,WN,2794,N468WN,185,LAS,MDW,1521,0,0
2008,1,3,1354,1907,WN,3232,N201LV,193,LAS,MDW,1521,0,0
2008,1,3,1703,33,WN,767,N222WN,270,LAS,MHT,2356,0,0
2008,1,3,1030,1545,WN,762,N295WN,195,LAS,MSY,1501,0,0
2008,1,3,1903,5,WN,3327,N282WN,182,LAS,MSY,1501,0,0
2008,1,3,1108,1244,WN,125,N782SA,96,LAS,OAK,407,0,0
2008,1,3,NA,NA,WN,126,,NA,LAS,OAK,407,1,0
2008,1,3,1354,1525,WN,127,N784SW,91,LAS,OAK,407,0,0
2008,1,3,1944,2110,WN,223,N223WN,86,LAS,OAK,407,0,0
2008,1,3,1251,1425,WN,237,N281WN,94,LAS,OAK,407,0,0
2008,1,3,1548,1728,WN,280,N460WN,100,LAS,OAK,407,0,0
2008,1,3,821,955,WN,864,N640SW,94,LAS,OAK,407,0,0
2008,1,3,2216,2348,WN,900,N679AA,92,LAS,OAK,407,0,0
2008,1,3,2010,2203,WN,962,N378SW,113,LAS,OAK,407,0,0
2008,1,3,1433,1608,WN,1011,N248WN,95,LAS,OAK,407,0,0
2008,1,3,935,1106,WN,1258,N774SW,91,LAS,OAK,407,0,0
2008,1,3,2156,2334,WN,1950,N408WN,98,LAS,OAK,407,0,0
2008,1,3,2035,2209,WN,3135,N695SW,94,LAS,OAK,407,0,0
2008,1,3,602,733,WN,3233,N354SW,91,LAS,OAK,407,0,0
2008,1,3,1152,1616,WN,86,N627SW,144,LAS,OKC,987,0,0
2008,1,3,1435,1859,WN,479,N622SW,144,LAS,OMA,1099,0,0
2008,1,3,2049,106,WN,875,N217JC,137,LAS,OMA,1099,0,0
2008,1,3,913,1342,WN,2111,N673AA,149,LAS,OMA,1099,0,0
2008,1,3,1613,1721,WN,187,N690SW,68,LAS,ONT,197,0,0
2008,1,3,2015,2101,WN,725,N259WN,46,LAS,ONT,197,0,0
2008,1,3,655,742,WN,731,N244WN,47,LAS,ONT,197,0,0
2008,1,3,1438,1533,WN,872,N788SA,55,LAS,ONT,197,0,0
2008,1,3,1102,1152,WN,906,N301SW,50,LAS,ONT,197,0,0
2008,1,3,2218,2308,WN,1493,N356SW,50,LAS,ONT,197,0,0
2008,1,3,851,938,WN,1670,N742SW,47,LAS,ONT,197,0,0
2008,1,3,1230,1331,WN,2018,N313SW,61,LAS,ONT,197,0,0
2008,1,3,1838,1930,WN,2730,N273WN,52,LAS,ONT,197,0,0
2008,1,3,1358,1449,WN,3070,N660SW,51,LAS,ONT,197,0,0
2008,1,3,1757,108,WN,156,N466WN,251,LAS,ORF,2155,0,0
2008,1,3,1816,2022,WN,700,N678AA,126,LAS,PDX,762,0,0
2008,1,3,755,958,WN,1669,N484WN,123,LAS,PDX,762,0,0
2008,1,3,1328,1549,WN,2354,N258WN,141,LAS,PDX,762,0,0
2008,1,3,2134,2343,WN,2550,N608SW,129,LAS,PDX,762,0,0
2008,1,3,1127,1856,WN,1285,N435WN,269,LAS,PHL,2176,0,0
2008,1,3,1720,41,WN,1843,N484WN,261,LAS,PHL,2176,0,0
2008,1,3,559,800,WN,102,N639SW,61,LAS,PHX,256,0,0
2008,1,3,712,932,WN,243,N228WN,80,LAS,PHX,256,0,0
2008,1,3,1327,1533,WN,287,N747SA,66,LAS,PHX,256,0,0
2008,1,3,1817,2016,WN,504,N338SW,59,LAS,PHX,256,0,0
2008,1,3,1807,2011,WN,559,N603SW,64,LAS,PHX,256,0,0
2008,1,3,1712,1914,WN,668,N221WN,62,LAS,PHX,256,0,0
2008,1,3,1206,1418,WN,752,N680AA,72,LAS,PHX,256,0,0
2008,1,3,1134,1343,WN,781,N378SW,69,LAS,PHX,256,0,0
2008,1,3,1003,1208,WN,871,N327SW,65,LAS,PHX,256,0,0
2008,1,3,815,1034,WN,1034,N420WN,79,LAS,PHX,256,0,0
2008,1,3,2156,2353,WN,1403,N258WN,57,LAS,PHX,256,0,0
2008,1,3,2140,2334,WN,1682,N281WN,54,LAS,PHX,256,0,0
2008,1,3,631,832,WN,2103,N291WN,61,LAS,PHX,256,0,0
2008,1,3,1521,1725,WN,2726,N777QC,64,LAS,PHX,256,0,0
2008,1,3,2100,2255,WN,2991,N752SW,55,LAS,PHX,256,0,0
2008,1,3,1657,1905,WN,3517,N487WN,68,LAS,PHX,256,0,0
2008,1,3,926,1129,WN,3598,N790SW,63,LAS,PHX,256,0,0
2008,1,3,1413,1612,WN,3849,N269WN,59,LAS,PHX,256,0,0
2008,1,3,1825,114,WN,512,N794SW,229,LAS,PIT,1910,0,0
2008,1,3,927,1631,WN,594,N715SW,244,LAS,PIT,1910,0,0
2008,1,3,1630,23,WN,416,N401WN,293,LAS,PVD,2363,0,0
2008,1,3,1136,1852,WN,170,N448WN,256,LAS,RDU,2027,0,0
2008,1,3,1824,121,WN,1509,N403WN,237,LAS,RDU,2027,0,0
2008,1,3,1716,1830,WN,239,N267WN,74,LAS,RNO,345,0,0
2008,1,3,1928,2034,WN,298,N450WN,66,LAS,RNO,345,0,0
2008,1,3,709,816,WN,376,N342SW,67,LAS,RNO,345,0,0
2008,1,3,1741,1905,WN,675,N286WN,84,LAS,RNO,345,0,0
2008,1,3,1609,1732,WN,709,N428WN,83,LAS,RNO,345,0,0
2008,1,3,913,1029,WN,891,N400WN,76,LAS,RNO,345,0,0
2008,1,3,2215,2334,WN,1341,N442WN,79,LAS,RNO,345,0,0
2008,1,3,2137,2251,WN,2273,N286WN,74,LAS,RNO,345,0,0
2008,1,3,624,729,WN,2538,N230WN,65,LAS,RNO,345,0,0
2008,1,3,1100,1210,WN,2719,N466WN,70,LAS,RNO,345,0,0
2008,1,3,1313,1437,WN,3430,N487WN,84,LAS,RNO,345,0,0
2008,1,3,1415,1527,WN,3835,N610WN,72,LAS,RNO,345,0,0
2008,1,3,1108,1221,WN,3947,N277WN,73,LAS,RNO,345,0,0
2008,1,3,1348,1455,WN,341,N315SW,67,LAS,SAN,258,0,0
2008,1,3,1221,1329,WN,535,N428WN,68,LAS,SAN,258,0,0
2008,1,3,2140,2240,WN,708,N692SW,60,LAS,SAN,258,0,0
2008,1,3,805,909,WN,711,N207WN,64,LAS,SAN,258,0,0
2008,1,3,1643,1751,WN,715,N902WN,68,LAS,SAN,258,0,0
2008,1,3,946,1045,WN,1037,N734SA,59,LAS,SAN,258,0,0
2008,1,3,1915,2016,WN,1254,N490WN,61,LAS,SAN,258,0,0
2008,1,3,1839,1945,WN,2186,N692SW,66,LAS,SAN,258,0,0
2008,1,3,2207,2307,WN,2211,N646SW,60,LAS,SAN,258,0,0
2008,1,3,1503,1604,WN,2357,N414WN,61,LAS,SAN,258,0,0
2008,1,3,1613,1727,WN,2363,N405WN,74,LAS,SAN,258,0,0
2008,1,3,2248,2346,WN,2449,N454WN,58,LAS,SAN,258,0,0
2008,1,3,612,713,WN,2712,N253WN,61,LAS,SAN,258,0,0
2008,1,3,1118,1225,WN,3423,N298WN,67,LAS,SAN,258,0,0
2008,1,3,1456,1920,WN,120,N277WN,144,LAS,SAT,1069,0,0
2008,1,3,2022,36,WN,802,N902WN,134,LAS,SAT,1069,0,0
2008,1,3,1049,1509,WN,2113,N350SW,140,LAS,SAT,1069,0,0
2008,1,3,753,1215,WN,2906,N794SW,142,LAS,SAT,1069,0,0
2008,1,3,1831,110,WN,495,N768SW,219,LAS,SDF,1624,0,0
2008,1,3,1704,1929,WN,340,N634SW,145,LAS,SEA,866,0,0
2008,1,3,2017,2241,WN,563,N285WN,144,LAS,SEA,866,0,0
2008,1,3,639,859,WN,1769,N731SA,140,LAS,SEA,866,0,0
2008,1,3,1117,1330,WN,2465,N431WN,133,LAS,SEA,866,0,0
2008,1,3,1426,1605,WN,488,N615SW,99,LAS,SFO,414,0,0
2008,1,3,1009,1148,WN,619,N491WN,99,LAS,SFO,414,0,0
2008,1,3,2021,2303,WN,2005,N302SW,162,LAS,SFO,414,0,0
2008,1,3,2025,2208,WN,2788,N602SW,103,LAS,SFO,414,0,0
2008,1,3,603,729,WN,2886,N246LV,86,LAS,SFO,414,0,0
2008,1,3,2301,59,WN,3061,N447WN,118,LAS,SFO,414,0,0
2008,1,3,1518,1646,WN,3575,N492WN,88,LAS,SFO,414,0,0
2008,1,3,1307,1432,WN,12,N361SW,85,LAS,SJC,386,0,0
2008,1,3,615,746,WN,276,N472WN,91,LAS,SJC,386,0,0
2008,1,3,2017,2144,WN,400,N429WN,87,LAS,SJC,386,0,0
2008,1,3,1855,2028,WN,484,N673AA,93,LAS,SJC,386,0,0
2008,1,3,2114,2241,WN,774,N437WN,87,LAS,SJC,386,0,0
2008,1,3,1605,1739,WN,783,N306SW,94,LAS,SJC,386,0,0
2008,1,3,956,1134,WN,1945,N271WN,98,LAS,SJC,386,0,0
2008,1,3,731,848,WN,2387,N776WN,77,LAS,SJC,386,0,0
2008,1,3,1734,1857,WN,3844,N446WN,83,LAS,SJC,386,0,0
2008,1,3,1139,1408,WN,161,N455WN,89,LAS,SLC,368,0,0
2008,1,3,2104,2314,WN,415,N395SW,70,LAS,SLC,368,0,0
2008,1,3,919,1132,WN,643,N756SA,73,LAS,SLC,368,0,0
2008,1,3,2113,2328,WN,1166,N351SW,75,LAS,SLC,368,0,0
2008,1,3,1712,1935,WN,1585,N766SW,83,LAS,SLC,368,0,0
2008,1,3,1419,1627,WN,1660,N613SW,68,LAS,SLC,368,0,0
2008,1,3,2242,54,WN,2533,N385SW,72,LAS,SLC,368,0,0
2008,1,3,611,819,WN,3147,N296WN,68,LAS,SLC,368,0,0
2008,1,3,1949,2110,WN,94,N715SW,81,LAS,SMF,397,0,0
2008,1,3,1409,1539,WN,584,N324SW,90,LAS,SMF,397,0,0
2008,1,3,637,759,WN,624,N336SW,82,LAS,SMF,397,0,0
2008,1,3,1821,1946,WN,641,N626SW,85,LAS,SMF,397,0,0
2008,1,3,916,1046,WN,2121,N632SW,90,LAS,SMF,397,0,0
2008,1,3,1134,1302,WN,2622,N445WN,88,LAS,SMF,397,0,0
2008,1,3,1527,1648,WN,3053,N418WN,81,LAS,SMF,397,0,0
2008,1,3,2115,2236,WN,3862,N640SW,81,LAS,SMF,397,0,0
2008,1,3,1934,2054,WN,201,N251WN,80,LAS,SNA,226,0,0
2008,1,3,1305,1358,WN,300,N753SW,53,LAS,SNA,226,0,0
2008,1,3,1917,2014,WN,433,N264LV,57,LAS,SNA,226,0,0
2008,1,3,1125,1224,WN,1016,N765SW,59,LAS,SNA,226,0,0
2008,1,3,1505,1605,WN,1479,N498WN,60,LAS,SNA,226,0,0
2008,1,3,747,843,WN,3250,N245WN,56,LAS,SNA,226,0,0
2008,1,3,1143,1641,WN,773,N472WN,178,LAS,STL,1372,0,0
2008,1,3,1558,2049,WN,1050,N212WN,171,LAS,STL,1372,0,0
2008,1,3,1940,29,WN,1583,N600WN,169,LAS,STL,1372,0,0
2008,1,3,1820,112,WN,3403,N737JW,232,LAS,TPA,1984,0,0
2008,1,3,1143,1621,WN,574,N314SW,158,LAS,TUL,1076,0,0
2008,1,3,2211,17,WN,486,N264LV,66,LAS,TUS,365,0,0
2008,1,3,1821,2032,WN,637,N342SW,71,LAS,TUS,365,0,0
2008,1,3,715,926,WN,1059,N637SW,71,LAS,TUS,365,0,0
2008,1,3,1341,1556,WN,1918,N267WN,75,LAS,TUS,365,0,0
2008,1,3,2108,2313,WN,3142,N446WN,65,LAS,TUS,365,0,0
2008,1,3,1118,1333,WN,3572,N489WN,75,LAS,TUS,365,0,0
2008,1,3,1735,2010,WN,230,N364SW,95,LAX,ABQ,677,0,0
2008,1,3,2105,2342,WN,361,N690SW,97,LAX,ABQ,677,0,0
2008,1,3,1328,1611,WN,397,N424WN,103,LAX,ABQ,677,0,0
2008,1,3,944,1218,WN,3245,N780SW,94,LAX,ABQ,677,0,0
2008,1,3,1024,1504,WN,304,N326SW,160,LAX,AUS,1242,0,0
2008,1,3,820,1357,WN,133,N749SW,217,LAX,BNA,1797,0,0
2008,1,3,1632,2207,WN,1107,N708SA,215,LAX,BNA,1797,0,0
2008,1,3,1327,1902,WN,1324,N249WN,215,LAX,BNA,1797,0,0
2008,1,3,1330,1609,WN,330,N236WN,99,LAX,ELP,714,0,0
2008,1,3,1925,2201,WN,1671,N684WN,96,LAX,ELP,714,0,0
2008,1,3,1005,1250,WN,2635,N335SW,105,LAX,ELP,714,0,0
2008,1,3,1149,1639,WN,205,N299WN,170,LAX,HOU,1390,0,0
2008,1,3,1742,2231,WN,528,N496WN,169,LAX,HOU,1390,0,0
2008,1,3,807,1301,WN,1513,N305SW,174,LAX,HOU,1390,0,0
2008,1,3,2020,109,WN,3394,N667SW,169,LAX,HOU,1390,0,0
2008,1,3,1501,1554,WN,416,N401WN,53,LAX,LAS,236,0,0
2008,1,3,1205,1313,WN,479,N622SW,68,LAX,LAS,236,0,0
2008,1,3,1652,1748,WN,495,N768SW,56,LAX,LAS,236,0,0
2008,1,3,922,1102,WN,574,N314SW,100,LAX,LAS,236,0,0
2008,1,3,1835,1931,WN,1004,N676SW,56,LAX,LAS,236,0,0
2008,1,3,1027,1151,WN,1079,N351SW,84,LAX,LAS,236,0,0
2008,1,3,626,724,WN,1669,N484WN,58,LAX,LAS,236,0,0
2008,1,3,1533,1631,WN,1843,N484WN,58,LAX,LAS,236,0,0
2008,1,3,1910,2026,WN,2021,N499WN,76,LAX,LAS,236,0,0
2008,1,3,744,838,WN,2111,N673AA,54,LAX,LAS,236,0,0
2008,1,3,2109,2212,WN,2202,N758SW,63,LAX,LAS,236,0,0
2008,1,3,2237,2335,WN,2454,N352SW,58,LAX,LAS,236,0,0
2008,1,3,2025,2120,WN,2809,N335SW,55,LAX,LAS,236,0,0
2008,1,3,1423,1519,WN,3144,N272WN,56,LAX,LAS,236,0,0
2008,1,3,1337,1825,WN,321,N742SW,168,LAX,MCI,1363,0,0
2008,1,3,1142,1626,WN,1668,N262WN,164,LAX,MCI,1363,0,0
2008,1,3,1928,22,WN,2208,N632SW,174,LAX,MCI,1363,0,0
2008,1,3,634,1133,WN,3495,N615SW,179,LAX,MCI,1363,0,0
2008,1,3,1713,2242,WN,108,N550WN,209,LAX,MDW,1750,0,0
2008,1,3,853,1431,WN,224,N279WN,218,LAX,MDW,1750,0,0
2008,1,3,1255,1825,WN,245,N730SW,210,LAX,MDW,1750,0,0
2008,1,3,1453,2130,WN,771,N486WN,277,LAX,MDW,1750,0,0
2008,1,3,1001,1550,WN,1014,N494WN,229,LAX,MDW,1750,0,0
2008,1,3,630,1209,WN,1930,N724SW,219,LAX,MDW,1750,0,0
2008,1,3,1831,1,WN,3588,N732SW,210,LAX,MDW,1750,0,0
2008,1,3,1030,1142,WN,184,N473WN,72,LAX,OAK,337,0,0
2008,1,3,2004,2127,WN,303,N683SW,83,LAX,OAK,337,0,0
2008,1,3,923,1114,WN,418,N631SW,111,LAX,OAK,337,0,0
2008,1,3,1419,1534,WN,420,N268WN,75,LAX,OAK,337,0,0
2008,1,3,1522,1638,WN,430,N752SW,76,LAX,OAK,337,0,0
2008,1,3,1803,1933,WN,440,N720WN,90,LAX,OAK,337,0,0
2008,1,3,2146,2304,WN,724,N342SW,78,LAX,OAK,337,0,0
2008,1,3,2001,2118,WN,810,N648SW,77,LAX,OAK,337,0,0
2008,1,3,1827,1945,WN,829,N476WN,78,LAX,OAK,337,0,0
2008,1,3,1904,2019,WN,1026,N224WN,75,LAX,OAK,337,0,0
2008,1,3,1450,1607,WN,1032,N489WN,77,LAX,OAK,337,0,0
2008,1,3,1722,1836,WN,1061,N422WN,74,LAX,OAK,337,0,0
2008,1,3,1820,1943,WN,1135,N304SW,83,LAX,OAK,337,0,0
2008,1,3,NA,NA,WN,1146,,NA,LAX,OAK,337,1,0
2008,1,3,1623,1753,WN,1168,N361SW,90,LAX,OAK,337,0,0
2008,1,3,2008,2136,WN,1414,N402WN,88,LAX,OAK,337,0,0
2008,1,3,1301,1422,WN,1655,N669SW,81,LAX,OAK,337,0,0
2008,1,3,601,711,WN,2104,N236WN,70,LAX,OAK,337,0,0
2008,1,3,808,921,WN,2639,N693SW,73,LAX,OAK,337,0,0
2008,1,3,1206,1328,WN,3655,N465WN,82,LAX,OAK,337,0,0
2008,1,3,700,816,WN,3756,N302SW,76,LAX,OAK,337,0,0
2008,1,3,1609,1819,WN,90,N609SW,70,LAX,PHX,370,0,0
2008,1,3,1811,2016,WN,109,N269WN,65,LAX,PHX,370,0,0
2008,1,3,815,1034,WN,236,N735SA,79,LAX,PHX,370,0,0
2008,1,3,600,805,WN,277,N619SW,65,LAX,PHX,370,0,0
2008,1,3,1851,2059,WN,314,N229WN,68,LAX,PHX,370,0,0
2008,1,3,2020,2225,WN,386,N718SW,65,LAX,PHX,370,0,0
2008,1,3,1204,1407,WN,463,N342SW,63,LAX,PHX,370,0,0
2008,1,3,2116,2318,WN,520,N283WN,62,LAX,PHX,370,0,0
2008,1,3,1556,1804,WN,746,N637SW,68,LAX,PHX,370,0,0
2008,1,3,1040,1241,WN,1058,N202WN,61,LAX,PHX,370,0,0
2008,1,3,940,1149,WN,1155,N288WN,69,LAX,PHX,370,0,0
2008,1,3,1419,1624,WN,2015,N792SW,65,LAX,PHX,370,0,0
2008,1,3,635,840,WN,2452,N746SW,65,LAX,PHX,370,0,0
2008,1,3,1738,1848,WN,225,N283WN,70,LAX,RNO,390,0,0
2008,1,3,853,1000,WN,1844,N313SW,67,LAX,RNO,390,0,0
2008,1,3,1422,1532,WN,2360,N618WN,70,LAX,RNO,390,0,0
2008,1,3,1159,1635,WN,2624,N693SW,156,LAX,SAT,1210,0,0
2008,1,3,708,829,WN,457,N738CB,81,LAX,SFO,337,0,0
2008,1,3,NA,NA,WN,469,,NA,LAX,SFO,337,1,0
2008,1,3,2321,38,WN,593,N901WN,77,LAX,SFO,337,0,0
2008,1,3,NA,NA,WN,618,,NA,LAX,SFO,337,1,0
2008,1,3,2008,2139,WN,646,N738CB,91,LAX,SFO,337,0,0
2008,1,3,1625,1748,WN,656,N738CB,83,LAX,SFO,337,0,0
2008,1,3,1305,1421,WN,680,N738CB,76,LAX,SFO,337,0,0
2008,1,3,1558,1709,WN,776,N901WN,71,LAX,SFO,337,0,0
2008,1,3,1600,1714,WN,173,N331SW,74,LAX,SJC,308,0,0
2008,1,3,1556,1705,WN,232,N740SW,69,LAX,SJC,308,0,0
2008,1,3,2056,2203,WN,343,N687SW,67,LAX,SJC,308,0,0
2008,1,3,616,720,WN,712,N671SW,64,LAX,SJC,308,0,0
2008,1,3,1159,1259,WN,769,N608SW,60,LAX,SJC,308,0,0
2008,1,3,2140,2249,WN,1113,N731SA,69,LAX,SJC,308,0,0
2008,1,3,1455,1557,WN,1609,N676SW,62,LAX,SJC,308,0,0
2008,1,3,908,1005,WN,1764,N740SW,57,LAX,SJC,308,0,0
2008,1,3,1925,2024,WN,2359,N385SW,59,LAX,SJC,308,0,0
2008,1,3,NA,NA,WN,2528,,NA,LAX,SJC,308,1,0
2008,1,3,740,838,WN,2561,N773SA,58,LAX,SJC,308,0,0
2008,1,3,1311,1414,WN,2820,N647SW,63,LAX,SJC,308,0,0
2008,1,3,1014,1120,WN,2969,N642WN,66,LAX,SJC,308,0,0
2008,1,3,1709,1815,WN,3149,N415WN,66,LAX,SJC,308,0,0
2008,1,3,1357,1626,WN,554,N626SW,89,LAX,SLC,590,0,0
2008,1,3,1114,1347,WN,963,N311SW,93,LAX,SLC,590,0,0
2008,1,3,652,926,WN,973,N617SW,94,LAX,SLC,590,0,0
2008,1,3,2117,2355,WN,1485,N605SW,98,LAX,SLC,590,0,0
2008,1,3,1742,2021,WN,2899,N671SW,99,LAX,SLC,590,0,0
2008,1,3,1108,1226,WN,92,N226WN,78,LAX,SMF,373,0,0
2008,1,3,821,936,WN,337,N488WN,75,LAX,SMF,373,0,0
2008,1,3,2013,2121,WN,1015,N384SW,68,LAX,SMF,373,0,0
2008,1,3,609,722,WN,1234,N318SW,73,LAX,SMF,373,0,0
2008,1,3,949,1103,WN,1486,N613SW,74,LAX,SMF,373,0,0
2008,1,3,2215,2321,WN,2437,N225WN,66,LAX,SMF,373,0,0
2008,1,3,1524,1634,WN,2720,N629SW,70,LAX,SMF,373,0,0
2008,1,3,1441,1549,WN,2985,N727SW,68,LAX,SMF,373,0,0
2008,1,3,1743,1853,WN,3155,N449WN,70,LAX,SMF,373,0,0
2008,1,3,2049,2204,WN,3584,N416WN,75,LAX,SMF,373,0,0
2008,1,3,1725,2238,WN,71,N312SW,193,LAX,STL,1593,0,0
2008,1,3,1356,1608,WN,75,N283WN,72,LAX,TUS,451,0,0
2008,1,3,2005,2219,WN,1044,N306SW,74,LAX,TUS,451,0,0
2008,1,3,725,931,WN,2378,N431WN,66,LAX,TUS,451,0,0
2008,1,3,1658,1908,WN,3048,N695SW,70,LAX,TUS,451,0,0
2008,1,3,1052,1301,WN,3831,N451WN,69,LAX,TUS,451,0,0
2008,1,3,2110,2326,WN,3939,N654SW,76,LAX,TUS,451,0,0
2008,1,3,1910,1936,WN,160,N783SW,86,LBB,ABQ,289,0,0
2008,1,3,1825,1921,WN,555,N506SW,56,LBB,AUS,341,0,0
2008,1,3,652,752,WN,2974,N447WN,60,LBB,AUS,341,0,0
2008,1,3,840,940,WN,15,N341SW,60,LBB,DAL,293,0,0
2008,1,3,1016,1119,WN,21,N501SW,63,LBB,DAL,293,0,0
2008,1,3,1402,1501,WN,35,N520SW,59,LBB,DAL,293,0,0
2008,1,3,1652,1748,WN,141,N370SW,56,LBB,DAL,293,0,0
2008,1,3,611,710,WN,906,N301SW,59,LBB,DAL,293,0,0
2008,1,3,1825,1923,WN,1312,N501SW,58,LBB,DAL,293,0,0
2008,1,3,1606,1705,WN,2382,N404WN,59,LBB,DAL,293,0,0
2008,1,3,2007,2102,WN,2542,N736SA,55,LBB,DAL,293,0,0
2008,1,3,915,910,WN,1028,N214WN,55,LBB,ELP,295,0,0
2008,1,3,1152,1201,WN,573,N463WN,129,LBB,LAS,775,0,0
2008,1,3,1654,2006,WN,438,N309SW,132,LIT,BWI,912,0,0
2008,1,3,703,808,WN,7,N365SW,65,LIT,DAL,296,0,0
2008,1,3,1516,1614,WN,41,N240WN,58,LIT,DAL,296,0,0
2008,1,3,1752,1854,WN,49,N502SW,62,LIT,DAL,296,0,0
2008,1,3,1251,1348,WN,700,N678AA,57,LIT,DAL,296,0,0
2008,1,3,1108,1206,WN,2177,N522SW,58,LIT,DAL,296,0,0
2008,1,3,2029,2127,WN,2263,N514SW,58,LIT,DAL,296,0,0
2008,1,3,806,909,WN,3748,N610WN,63,LIT,DAL,296,0,0
2008,1,3,1417,1535,WN,231,N787SA,78,LIT,HOU,393,0,0
2008,1,3,1319,1440,WN,3053,N418WN,201,LIT,LAS,1295,0,0
2008,1,3,1051,1246,WN,8,N339SW,115,LIT,MDW,544,0,0
2008,1,3,730,933,WN,250,N519SW,183,LIT,PHX,1136,0,0
2008,1,3,1846,1951,WN,3168,N513SW,65,LIT,STL,296,0,0
2008,1,3,642,752,WN,3757,N446WN,70,LIT,STL,296,0,0
2008,1,3,1615,1623,WN,10,N617SW,68,MAF,ABQ,332,0,0
2008,1,3,730,822,WN,1194,N664WN,52,MAF,AUS,294,0,0
2008,1,3,1852,1942,WN,2374,N379SW,50,MAF,AUS,294,0,0
2008,1,3,1602,1701,WN,43,N503SW,59,MAF,DAL,319,0,0
2008,1,3,1836,1930,WN,53,N527SW,54,MAF,DAL,319,0,0
2008,1,3,1956,2056,WN,271,N512SW,60,MAF,DAL,319,0,0
2008,1,3,944,1046,WN,914,N692SW,62,MAF,DAL,319,0,0
2008,1,3,625,723,WN,974,N410WN,58,MAF,DAL,319,0,0
2008,1,3,1306,1404,WN,1430,N523SW,58,MAF,DAL,319,0,0
2008,1,3,702,814,WN,539,N417WN,72,MAF,HOU,441,0,0
2008,1,3,1625,1731,WN,3828,N333SW,66,MAF,HOU,441,0,0
2008,1,3,1739,1758,WN,317,N335SW,139,MAF,LAS,796,0,0
2008,1,3,1905,2010,WN,1493,N356SW,125,MCI,ABQ,718,0,0
2008,1,3,856,950,WN,1655,N669SW,114,MCI,ABQ,718,0,0
2008,1,3,811,932,WN,112,N527SW,81,MCI,BNA,491,0,0
2008,1,3,1159,1325,WN,290,N224WN,86,MCI,BNA,491,0,0
2008,1,3,2130,2300,WN,1568,N227WN,90,MCI,BNA,491,0,0
2008,1,3,1708,1829,WN,1668,N262WN,81,MCI,BNA,491,0,0
2008,1,3,646,1012,WN,3062,N415WN,146,MCI,BWI,967,0,0
2008,1,3,1404,1726,WN,3320,N354SW,142,MCI,BWI,967,0,0
2008,1,3,1958,2310,WN,3829,N465WN,132,MCI,BWI,967,0,0
2008,1,3,726,850,WN,11,N689SW,84,MCI,DAL,461,0,0
2008,1,3,937,1102,WN,19,N511SW,85,MCI,DAL,461,0,0
2008,1,3,1251,1415,WN,33,N525SW,84,MCI,DAL,461,0,0
2008,1,3,2009,2132,WN,59,N628SW,83,MCI,DAL,461,0,0
2008,1,3,1602,1724,WN,2010,N210WN,82,MCI,DAL,461,0,0
2008,1,3,2102,2225,WN,3239,N485WN,83,MCI,DAL,461,0,0
2008,1,3,1101,1142,WN,454,N603SW,101,MCI,DEN,533,0,0
2008,1,3,1917,1959,WN,977,N376SW,102,MCI,DEN,533,0,0
2008,1,3,1502,1540,WN,1151,N386SW,98,MCI,DEN,533,0,0
2008,1,3,643,726,WN,1235,N600WN,103,MCI,DEN,533,0,0
2008,1,3,1038,1259,WN,4,N674AA,81,MCI,IND,451,0,0
2008,1,3,1920,2140,WN,321,N742SW,80,MCI,IND,451,0,0
2008,1,3,1429,1531,WN,187,N690SW,182,MCI,LAS,1140,0,0
2008,1,3,1211,1333,WN,488,N615SW,202,MCI,LAS,1140,0,0
2008,1,3,1801,1900,WN,962,N302SW,179,MCI,LAS,1140,0,0
2008,1,3,725,819,WN,1670,N742SW,174,MCI,LAS,1140,0,0
2008,1,3,903,1003,WN,2193,N352SW,180,MCI,LAS,1140,0,0
2008,1,3,2016,2141,WN,3774,N442WN,205,MCI,LAS,1140,0,0
2008,1,3,1751,1938,WN,810,N648SW,227,MCI,LAX,1363,0,0
2008,1,3,645,822,WN,1844,N313SW,217,MCI,LAX,1363,0,0
2008,1,3,1518,1658,WN,3155,N449WN,220,MCI,LAX,1363,0,0
2008,1,3,1029,1206,WN,3778,N730SW,217,MCI,LAX,1363,0,0
2008,1,3,1922,2253,WN,730,N756SA,151,MCI,MCO,1072,0,0
2008,1,3,1252,1625,WN,1949,N650SW,153,MCI,MCO,1072,0,0
2008,1,3,723,1053,WN,2279,N662SW,150,MCI,MCO,1072,0,0
2008,1,3,1550,1709,WN,26,N330SW,79,MCI,MDW,405,0,0
2008,1,3,2229,2343,WN,48,N661SW,74,MCI,MDW,405,0,0
2008,1,3,848,1008,WN,95,N499WN,80,MCI,MDW,405,0,0
2008,1,3,1811,1934,WN,154,N353SW,83,MCI,MDW,405,0,0
2008,1,3,1028,1154,WN,308,N502SW,86,MCI,MDW,405,0,0
2008,1,3,617,743,WN,424,N713SW,86,MCI,MDW,405,0,0
2008,1,3,712,833,WN,748,N416WN,81,MCI,MDW,405,0,0
2008,1,3,1330,1439,WN,772,N675AA,69,MCI,MDW,405,0,0
2008,1,3,1631,1749,WN,1006,N628SW,78,MCI,MDW,405,0,0
2008,1,3,1430,1549,WN,1685,N341SW,79,MCI,MDW,405,0,0
2008,1,3,1215,1344,WN,1916,N357SW,89,MCI,MDW,405,0,0
2008,1,3,2014,2143,WN,3915,N528SW,89,MCI,MDW,405,0,0
2008,1,3,901,1051,WN,425,N267WN,230,MCI,OAK,1489,0,0
2008,1,3,1548,1749,WN,3307,N667SW,241,MCI,OAK,1489,0,0
2008,1,3,621,729,WN,215,N248WN,68,MCI,OKC,313,0,0
2008,1,3,1130,1232,WN,449,N528SW,62,MCI,OKC,313,0,0
2008,1,3,2135,2239,WN,727,N399WN,64,MCI,OKC,313,0,0
2008,1,3,1804,1918,WN,1257,N507SW,74,MCI,OKC,313,0,0
2008,1,3,1309,1455,WN,914,N692SW,226,MCI,PDX,1481,0,0
2008,1,3,654,839,WN,453,N232WN,165,MCI,PHX,1044,0,0
2008,1,3,1644,1839,WN,655,N728SW,175,MCI,PHX,1044,0,0
2008,1,3,2128,2328,WN,1579,N775SW,180,MCI,PHX,1044,0,0
2008,1,3,1108,1255,WN,3943,N310SW,167,MCI,PHX,1044,0,0
2008,1,3,1654,1844,WN,1209,N653SW,230,MCI,SAN,1333,0,0
2008,1,3,811,937,WN,2298,N338SW,206,MCI,SAN,1333,0,0
2008,1,3,1518,1704,WN,1308,N391SW,226,MCI,SEA,1489,0,0
2008,1,3,1911,2054,WN,102,N639SW,223,MCI,SMF,1442,0,0
2008,1,3,625,717,WN,63,N768SW,52,MCI,STL,237,0,0
2008,1,3,1537,1628,WN,283,N213WN,51,MCI,STL,237,0,0
2008,1,3,2037,2129,WN,1230,N677AA,52,MCI,STL,237,0,0
2008,1,3,901,948,WN,1488,N461WN,47,MCI,STL,237,0,0
2008,1,3,1929,2018,WN,2039,N386SW,49,MCI,STL,237,0,0
2008,1,3,1202,1254,WN,2972,N634SW,52,MCI,STL,237,0,0
2008,1,3,1407,1732,WN,515,N442WN,145,MCI,TPA,1048,0,0
2008,1,3,818,1145,WN,629,N376SW,147,MCI,TPA,1048,0,0
2008,1,3,1605,1701,WN,132,N704SW,56,MCI,TUL,223,0,0
2008,1,3,1102,1152,WN,407,N636WN,50,MCI,TUL,223,0,0
2008,1,3,1901,1949,WN,2900,N504SW,48,MCI,TUL,223,0,0
2008,1,3,1331,1528,WN,2284,N409WN,237,MCO,ABQ,1552,0,0
2008,1,3,810,1012,WN,2976,N551WN,242,MCO,ABQ,1552,0,0
2008,1,3,2002,2243,WN,1744,N387SW,161,MCO,ALB,1073,0,0
2008,1,3,1317,1607,WN,3075,N208WN,170,MCO,ALB,1073,0,0
2008,1,3,832,1123,WN,3150,N284WN,171,MCO,ALB,1073,0,0
2008,1,3,1315,1500,WN,687,N663SW,165,MCO,AUS,993,0,0
2008,1,3,1648,1929,WN,365,N664WN,161,MCO,BDL,1050,0,0
2008,1,3,1057,1347,WN,1656,N390SW,170,MCO,BDL,1050,0,0
2008,1,3,729,1012,WN,2620,N468WN,163,MCO,BDL,1050,0,0
2008,1,3,727,757,WN,573,N463WN,90,MCO,BHM,478,0,0
2008,1,3,1705,1735,WN,2036,N650SW,90,MCO,BHM,478,0,0
2008,1,3,1321,1354,WN,2715,N204WN,93,MCO,BHM,478,0,0
2008,1,3,1022,1116,WN,1413,N706SW,114,MCO,BNA,616,0,0
2008,1,3,1845,1932,WN,2194,N419WN,107,MCO,BNA,616,0,0
2008,1,3,1404,1458,WN,3082,N659SW,114,MCO,BNA,616,0,0
2008,1,3,1740,1835,WN,3238,N365SW,115,MCO,BNA,616,0,0
2008,1,3,643,733,WN,3846,N785SW,110,MCO,BNA,616,0,0
2008,1,3,656,938,WN,322,N460WN,162,MCO,BUF,1011,0,0
2008,1,3,1446,1720,WN,443,N478WN,154,MCO,BUF,1011,0,0
2008,1,3,1931,2155,WN,3567,N443WN,144,MCO,BUF,1011,0,0
2008,1,3,644,854,WN,97,N902WN,130,MCO,BWI,787,0,0
2008,1,3,932,1149,WN,458,N203WN,137,MCO,BWI,787,0,0
2008,1,3,2001,2203,WN,832,N477WN,122,MCO,BWI,787,0,0
2008,1,3,730,940,WN,889,N235WN,130,MCO,BWI,787,0,0
2008,1,3,1727,1929,WN,1170,N625SW,122,MCO,BWI,787,0,0
2008,1,3,1914,2122,WN,1507,N334SW,128,MCO,BWI,787,0,0
2008,1,3,1346,1554,WN,2801,N713SW,128,MCO,BWI,787,0,0
2008,1,3,1506,1730,WN,3067,N252WN,144,MCO,BWI,787,0,0
2008,1,3,1035,1248,WN,3220,N667SW,133,MCO,BWI,787,0,0
2008,1,3,1518,1745,WN,611,N789SW,147,MCO,CLE,895,0,0
2008,1,3,1124,1350,WN,2366,N662SW,146,MCO,CLE,895,0,0
2008,1,3,714,937,WN,1492,N380SW,143,MCO,CMH,802,0,0
2008,1,3,1928,2143,WN,1602,N425LV,135,MCO,CMH,802,0,0
2008,1,3,1336,1544,WN,2020,N419WN,128,MCO,CMH,802,0,0
2008,1,3,1544,1744,WN,1063,N235WN,240,MCO,DEN,1545,0,0
2008,1,3,705,855,WN,1237,N249WN,230,MCO,DEN,1545,0,0
2008,1,3,1109,1403,WN,399,N621SW,174,MCO,DTW,957,0,0
2008,1,3,1654,1922,WN,1023,N216WR,148,MCO,DTW,957,0,0
2008,1,3,2103,2158,WN,380,N444WN,55,MCO,FLL,178,0,0
2008,1,3,1957,2053,WN,455,N346SW,56,MCO,FLL,178,0,0
2008,1,3,1328,1422,WN,543,N736SA,54,MCO,FLL,178,0,0
2008,1,3,1012,1113,WN,779,N294WN,61,MCO,FLL,178,0,0
2008,1,3,715,809,WN,1149,N614SW,54,MCO,FLL,178,0,0
2008,1,3,1713,1810,WN,3509,N778SW,57,MCO,FLL,178,0,0
2008,1,3,622,750,WN,10,N333SW,148,MCO,HOU,848,0,0
2008,1,3,1509,1629,WN,42,N470WN,140,MCO,HOU,848,0,0
2008,1,3,1100,1228,WN,430,N752SW,148,MCO,HOU,848,0,0
2008,1,3,1806,1942,WN,1491,N366SW,156,MCO,HOU,848,0,0
2008,1,3,2105,2234,WN,3046,N638SW,149,MCO,HOU,848,0,0
2008,1,3,809,1026,WN,470,N657SW,137,MCO,IAD,758,0,0
2008,1,3,1234,1447,WN,1317,N366SW,133,MCO,IAD,758,0,0
2008,1,3,1139,1401,WN,829,N476WN,142,MCO,IND,828,0,0
2008,1,3,1912,2149,WN,3256,N659SW,157,MCO,IND,828,0,0
2008,1,3,2100,2324,WN,121,N467WN,144,MCO,ISP,972,0,0
2008,1,3,1602,1829,WN,630,N786SW,147,MCO,ISP,972,0,0
2008,1,3,847,1119,WN,1919,N241WN,152,MCO,ISP,972,0,0
2008,1,3,1103,1337,WN,2784,N709SW,154,MCO,ISP,972,0,0
2008,1,3,1942,2205,WN,3332,N412WN,143,MCO,ISP,972,0,0
2008,1,3,1510,1738,WN,3864,N779SW,148,MCO,ISP,972,0,0
2008,1,3,1642,1728,WN,186,N438WN,106,MCO,JAN,587,0,0
2008,1,3,1024,1236,WN,2354,N258WN,312,MCO,LAS,2039,0,0
2008,1,3,1243,1439,WN,1308,N391SW,176,MCO,MCI,1072,0,0
2008,1,3,1629,1821,WN,1493,N356SW,172,MCO,MCI,1072,0,0
2008,1,3,642,839,WN,2193,N352SW,177,MCO,MCI,1072,0,0
2008,1,3,1812,2001,WN,163,N469WN,169,MCO,MDW,989,0,0
2008,1,3,1840,2022,WN,172,N780SW,162,MCO,MDW,989,0,0
2008,1,3,622,817,WN,561,N766SW,175,MCO,MDW,989,0,0
2008,1,3,1055,1255,WN,562,N739GB,180,MCO,MDW,989,0,0
2008,1,3,823,1008,WN,658,N231WN,165,MCO,MDW,989,0,0
2008,1,3,1510,1701,WN,1423,N658SW,171,MCO,MDW,989,0,0
2008,1,3,1214,1424,WN,1852,N239WN,190,MCO,MDW,989,0,0
2008,1,3,2206,2338,WN,3137,N481WN,152,MCO,MDW,989,0,0
2008,1,3,1236,1538,WN,3,N308SA,182,MCO,MHT,1142,0,0
2008,1,3,1801,2047,WN,25,N462WN,166,MCO,MHT,1142,0,0
2008,1,3,636,930,WN,589,N419WN,174,MCO,MHT,1142,0,0
2008,1,3,2108,2352,WN,1145,N202WN,164,MCO,MHT,1142,0,0
2008,1,3,1034,1342,WN,3429,N368SW,188,MCO,MHT,1142,0,0
2008,1,3,1635,1715,WN,426,N360SW,100,MCO,MSY,550,0,0
2008,1,3,749,843,WN,467,N626SW,114,MCO,MSY,550,0,0
2008,1,3,1028,1115,WN,2980,N252WN,107,MCO,MSY,550,0,0
2008,1,3,1930,2014,WN,3134,N355SW,104,MCO,MSY,550,0,0
2008,1,3,956,1149,WN,590,N405WN,113,MCO,ORF,655,0,0
2008,1,3,1524,1714,WN,1320,N456WN,110,MCO,ORF,655,0,0
2008,1,3,1733,1957,WN,297,N743SW,144,MCO,PHL,861,0,0
2008,1,3,1421,1643,WN,348,N276WN,142,MCO,PHL,861,0,0
2008,1,3,1137,1410,WN,768,N369SW,153,MCO,PHL,861,0,0
2008,1,3,919,1150,WN,837,N363SW,151,MCO,PHL,861,0,0
2008,1,3,1350,1611,WN,1035,N346SW,141,MCO,PHL,861,0,0
2008,1,3,2104,2315,WN,1915,N785SW,131,MCO,PHL,861,0,0
2008,1,3,1510,1734,WN,3247,N635SW,144,MCO,PHL,861,0,0
2008,1,3,1730,2028,WN,1484,N242WN,298,MCO,PHX,1848,0,0
2008,1,3,2041,2251,WN,2294,N439WN,130,MCO,PIT,834,0,0
2008,1,3,932,1152,WN,2361,N348SW,140,MCO,PIT,834,0,0
2008,1,3,1233,1449,WN,3934,N672SW,136,MCO,PIT,834,0,0
2008,1,3,2115,2346,WN,940,N493WN,151,MCO,PVD,1073,0,0
2008,1,3,1428,1718,WN,975,N380SW,170,MCO,PVD,1073,0,0
2008,1,3,952,1236,WN,1074,N705SW,164,MCO,PVD,1073,0,0
2008,1,3,1759,2036,WN,1305,N233LV,157,MCO,PVD,1073,0,0
2008,1,3,645,921,WN,2281,N786SW,156,MCO,PVD,1073,0,0
2008,1,3,1146,1426,WN,3754,N280WN,160,MCO,PVD,1073,0,0
2008,1,3,711,855,WN,334,N282WN,104,MCO,RDU,534,0,0
2008,1,3,2014,2143,WN,2135,N694SW,89,MCO,RDU,534,0,0
2008,1,3,1005,1139,WN,2621,N266WN,94,MCO,RDU,534,0,0
2008,1,3,1554,1732,WN,2734,N218WN,98,MCO,RDU,534,0,0
2008,1,3,1013,1100,WN,150,N355SW,47,MCO,RSW,133,0,0
2008,1,3,2143,2227,WN,907,N388SW,44,MCO,RSW,133,0,0
2008,1,3,1323,1409,WN,2368,N786SW,46,MCO,RSW,133,0,0
2008,1,3,1803,1855,WN,3398,N707SA,52,MCO,RSW,133,0,0
2008,1,3,1030,1226,WN,1112,N795SW,176,MCO,SAT,1040,0,0
2008,1,3,1518,1714,WN,1414,N402WN,176,MCO,SAT,1040,0,0
2008,1,3,951,1154,WN,187,N690SW,123,MCO,SDF,718,0,0
2008,1,3,1440,1655,WN,718,N457WN,135,MCO,SDF,718,0,0
2008,1,3,1314,1438,WN,440,N720WN,144,MCO,STL,880,0,0
2008,1,3,752,919,WN,928,N775SW,147,MCO,STL,880,0,0
2008,1,3,2230,2346,WN,2300,N291WN,136,MCO,STL,880,0,0
2008,1,3,1629,1753,WN,3743,N247WN,144,MCO,STL,880,0,0
2008,1,3,912,1111,WN,1008,N748SW,179,MDW,ABQ,1121,0,0
2008,1,3,1625,1821,WN,2871,N709SW,176,MDW,ABQ,1121,0,0
2008,1,3,1051,1341,WN,95,N325SW,110,MDW,ALB,717,0,0
2008,1,3,2106,2,WN,714,N305SW,116,MDW,ALB,717,0,0
2008,1,3,759,1024,WN,478,N403WN,145,MDW,AUS,972,0,0
2008,1,3,2033,2249,WN,3568,N767SW,136,MDW,AUS,972,0,0
2008,1,3,1930,2228,WN,245,N730SW,118,MDW,BDL,777,0,0
2008,1,3,NA,NA,WN,437,,NA,MDW,BDL,777,1,0
2008,1,3,1423,1720,WN,885,N406WN,117,MDW,BDL,777,0,0
2008,1,3,1037,1200,WN,223,N427WN,83,MDW,BHM,570,0,0
2008,1,3,2238,8,WN,313,N374SW,90,MDW,BHM,570,0,0
2008,1,3,1815,1923,WN,581,N256WN,68,MDW,BNA,395,0,0
2008,1,3,1034,1142,WN,640,N399WN,68,MDW,BNA,395,0,0
2008,1,3,830,939,WN,689,N409WN,69,MDW,BNA,395,0,0
2008,1,3,1247,1358,WN,813,N679AA,71,MDW,BNA,395,0,0
2008,1,3,1547,1659,WN,830,N436WN,72,MDW,BNA,395,0,0
2008,1,3,2156,2309,WN,851,N238WN,73,MDW,BNA,395,0,0
2008,1,3,NA,NA,WN,934,,NA,MDW,BNA,395,1,0
2008,1,3,2221,2332,WN,1973,N347SW,71,MDW,BNA,395,0,0
2008,1,3,638,801,WN,2108,N479WN,83,MDW,BNA,395,0,0
2008,1,3,839,1058,WN,1690,N217JC,79,MDW,BUF,468,0,0
2008,1,3,1332,1546,WN,1828,N785SW,74,MDW,BUF,468,0,0
2008,1,3,2057,2321,WN,2975,N713SW,84,MDW,BUF,468,0,0
2008,1,3,2334,157,WN,106,N751SW,83,MDW,BWI,611,0,0
2008,1,3,1338,1617,WN,208,N763SW,99,MDW,BWI,611,0,0
2008,1,3,1533,1812,WN,224,N279WN,99,MDW,BWI,611,0,0
2008,1,3,1727,2012,WN,324,N253WN,105,MDW,BWI,611,0,0
2008,1,3,904,1145,WN,466,N623SW,101,MDW,BWI,611,0,0
2008,1,3,1110,1348,WN,2272,N263WN,98,MDW,BWI,611,0,0
2008,1,3,2245,115,WN,2786,N417WN,90,MDW,BWI,611,0,0
2008,1,3,602,851,WN,3499,N792SW,109,MDW,BWI,611,0,0
2008,1,3,1847,2052,WN,30,N689SW,65,MDW,CLE,307,0,0
2008,1,3,2214,17,WN,153,N658SW,63,MDW,CLE,307,0,0
2008,1,3,929,1200,WN,387,N779SW,91,MDW,CLE,307,0,0
2008,1,3,1202,1403,WN,628,N902WN,61,MDW,CLE,307,0,0
2008,1,3,1527,1735,WN,1489,N699SW,68,MDW,CLE,307,0,0
2008,1,3,601,824,WN,2456,N255WN,83,MDW,CLE,307,0,0
2008,1,3,1901,2113,WN,3587,N374SW,72,MDW,CLE,307,0,0
2008,1,3,1055,1251,WN,129,N497WN,56,MDW,CMH,284,0,0
2008,1,3,2017,2215,WN,154,N353SW,58,MDW,CMH,284,0,0
2008,1,3,2316,106,WN,261,N340LV,50,MDW,CMH,284,0,0
2008,1,3,901,1101,WN,748,N416WN,60,MDW,CMH,284,0,0
2008,1,3,637,838,WN,950,N750SA,61,MDW,CMH,284,0,0
2008,1,3,1628,1832,WN,1685,N341SW,64,MDW,CMH,284,0,0
2008,1,3,1349,1549,WN,2470,N339SW,60,MDW,CMH,284,0,0
2008,1,3,1758,1957,WN,2474,N776WN,59,MDW,CMH,284,0,0
2008,1,3,2114,2246,WN,172,N780SW,152,MDW,DEN,895,0,0
2008,1,3,1245,1405,WN,806,N711HK,140,MDW,DEN,895,0,0
2008,1,3,946,1109,WN,902,N411WN,143,MDW,DEN,895,0,0
2008,1,3,643,817,WN,1001,N485WN,154,MDW,DEN,895,0,0
2008,1,3,1526,1650,WN,1852,N239WN,144,MDW,DEN,895,0,0
2008,1,3,1805,1930,WN,1944,N410WN,145,MDW,DEN,895,0,0
2008,1,3,1238,1447,WN,308,N502SW,69,MDW,DTW,229,0,0
2008,1,3,819,1016,WN,424,N713SW,57,MDW,DTW,229,0,0
2008,1,3,1908,2108,WN,1006,N523SW,60,MDW,DTW,229,0,0
2008,1,3,1656,1857,WN,1014,N494WN,61,MDW,DTW,229,0,0
2008,1,3,1015,1218,WN,1567,N785SW,63,MDW,DTW,229,0,0
2008,1,3,1452,1650,WN,1916,N357SW,58,MDW,DTW,229,0,0
2008,1,3,NA,NA,WN,3326,,NA,MDW,DTW,229,1,0
2008,1,3,2223,18,WN,3915,N528SW,55,MDW,DTW,229,0,0
2008,1,3,1317,1709,WN,234,N798SW,172,MDW,FLL,1166,0,0
2008,1,3,1801,2142,WN,892,N457WN,161,MDW,FLL,1166,0,0
2008,1,3,939,1324,WN,2630,N255WN,165,MDW,FLL,1166,0,0
2008,1,3,2130,111,WN,3228,N717SA,161,MDW,FLL,1166,0,0
2008,1,3,705,1055,WN,3848,N550WN,170,MDW,FLL,1166,0,0
2008,1,3,707,934,WN,195,N793SA,147,MDW,HOU,937,0,0
2008,1,3,2106,2329,WN,203,N332SW,143,MDW,HOU,937,0,0
2008,1,3,916,1142,WN,319,N716SW,146,MDW,HOU,937,0,0
2008,1,3,1445,1710,WN,1927,N497WN,145,MDW,HOU,937,0,0
2008,1,3,1149,1416,WN,3763,N514SW,147,MDW,HOU,937,0,0
2008,1,3,1720,1944,WN,3841,N280WN,144,MDW,HOU,937,0,0
2008,1,3,2217,47,WN,205,N299WN,90,MDW,IAD,577,0,0
2008,1,3,1653,1932,WN,335,N712SW,99,MDW,IAD,577,0,0
2008,1,3,1544,1825,WN,1307,N294WN,101,MDW,IAD,577,0,0
2008,1,3,1155,1426,WN,1488,N461WN,91,MDW,IAD,577,0,0
2008,1,3,1939,2216,WN,3232,N201LV,97,MDW,IAD,577,0,0
2008,1,3,647,931,WN,3760,N672SW,104,MDW,IAD,577,0,0
2008,1,3,1724,1913,WN,378,N726SW,49,MDW,IND,162,0,0
2008,1,3,2212,7,WN,771,N486WN,55,MDW,IND,162,0,0
2008,1,3,1410,1609,WN,1333,N334SW,59,MDW,IND,162,0,0
2008,1,3,725,906,WN,1746,N612SW,41,MDW,IND,162,0,0
2008,1,3,1033,1342,WN,969,N215WN,129,MDW,ISP,765,0,0
2008,1,3,1620,1924,WN,1667,N243WN,124,MDW,ISP,765,0,0
2008,1,3,1308,1615,WN,1930,N724SW,127,MDW,ISP,765,0,0
2008,1,3,1910,2201,WN,2703,N734SA,111,MDW,ISP,765,0,0
2008,1,3,2241,25,WN,405,N513SW,104,MDW,JAN,666,0,0
2008,1,3,830,1010,WN,1035,N346SW,100,MDW,JAN,666,0,0
2008,1,3,2207,6,WN,164,N723SW,239,MDW,LAS,1521,0,0
2008,1,3,1713,1901,WN,201,N251WN,228,MDW,LAS,1521,0,0
2008,1,3,1038,1230,WN,300,N753SW,232,MDW,LAS,1521,0,0
2008,1,3,1601,1828,WN,433,N264LV,267,MDW,LAS,1521,0,0
2008,1,3,2015,2206,WN,556,N297WN,231,MDW,LAS,1521,0,0
2008,1,3,1216,1401,WN,872,N788SA,225,MDW,LAS,1521,0,0
2008,1,3,650,840,WN,891,N400WN,230,MDW,LAS,1521,0,0
2008,1,3,850,1046,WN,1016,N765SW,236,MDW,LAS,1521,0,0
2008,1,3,1517,1714,WN,1422,N403WN,237,MDW,LAS,1521,0,0
2008,1,3,853,1048,WN,2295,N404WN,235,MDW,LAS,1521,0,0
2008,1,3,2011,2205,WN,2449,N454WN,234,MDW,LAS,1521,0,0
2008,1,3,1508,1700,WN,3844,N446WN,232,MDW,LAS,1521,0,0
2008,1,3,844,1102,WN,118,N299WN,258,MDW,LAX,1750,0,0
2008,1,3,732,957,WN,184,N473WN,265,MDW,LAX,1750,0,0
2008,1,3,2116,2352,WN,587,N435WN,276,MDW,LAX,1750,0,0
2008,1,3,1533,1802,WN,829,N476WN,269,MDW,LAX,1750,0,0
2008,1,3,1243,1505,WN,2979,N901WN,262,MDW,LAX,1750,0,0
2008,1,3,1414,1641,WN,3149,N415WN,267,MDW,LAX,1750,0,0
2008,1,3,1748,2024,WN,3584,N416WN,276,MDW,LAX,1750,0,0
2008,1,3,1600,1735,WN,49,N502SW,95,MDW,LIT,544,0,0
2008,1,3,746,904,WN,19,N511SW,78,MDW,MCI,405,0,0
2008,1,3,1113,1229,WN,33,N525SW,76,MDW,MCI,405,0,0
2008,1,3,1832,1952,WN,59,N628SW,80,MDW,MCI,405,0,0
2008,1,3,1422,1546,WN,132,N704SW,84,MDW,MCI,405,0,0
2008,1,3,2201,2319,WN,342,N246LV,78,MDW,MCI,405,0,0
2008,1,3,915,1034,WN,407,N636WN,79,MDW,MCI,405,0,0
2008,1,3,950,1107,WN,449,N528SW,77,MDW,MCI,405,0,0
2008,1,3,623,751,WN,629,N376SW,88,MDW,MCI,405,0,0
2008,1,3,1947,2110,WN,727,N399WN,83,MDW,MCI,405,0,0
2008,1,3,1147,1302,WN,951,N675AA,75,MDW,MCI,405,0,0
2008,1,3,1620,1737,WN,1257,N507SW,77,MDW,MCI,405,0,0
2008,1,3,1714,1832,WN,2900,N504SW,78,MDW,MCI,405,0,0
2008,1,3,1333,1650,WN,401,N242WN,137,MDW,MCO,989,0,0
2008,1,3,621,948,WN,482,N706SW,147,MDW,MCO,989,0,0
2008,1,3,2059,19,WN,1189,N231WN,140,MDW,MCO,989,0,0
2008,1,3,1414,1737,WN,1206,N469WN,143,MDW,MCO,989,0,0
2008,1,3,825,1142,WN,1765,N239WN,137,MDW,MCO,989,0,0
2008,1,3,1120,1435,WN,2631,N470WN,135,MDW,MCO,989,0,0
2008,1,3,1804,2129,WN,3050,N481WN,145,MDW,MCO,989,0,0
2008,1,3,2124,48,WN,3919,N746SW,144,MDW,MCO,989,0,0
2008,1,3,2143,37,WN,396,N407WN,114,MDW,MHT,838,0,0
2008,1,3,645,957,WN,1674,N422WN,132,MDW,MHT,838,0,0
2008,1,3,1849,2146,WN,1951,N674AA,117,MDW,MHT,838,0,0
2008,1,3,1417,1717,WN,2524,N458WN,120,MDW,MHT,838,0,0
2008,1,3,1103,1359,WN,2813,N761RR,116,MDW,MHT,838,0,0
2008,1,3,1413,1631,WN,1192,N274WN,138,MDW,MSY,825,0,0
2008,1,3,954,1240,WN,142,N758SW,286,MDW,OAK,1844,0,0
2008,1,3,1412,1659,WN,562,N739GB,287,MDW,OAK,1844,0,0
2008,1,3,2117,11,WN,1076,N411WN,294,MDW,OAK,1844,0,0
2008,1,3,1635,1948,WN,1161,N705SW,313,MDW,OAK,1844,0,0
2008,1,3,1443,1743,WN,2195,N479WN,300,MDW,OAK,1844,0,0
2008,1,3,1020,1137,WN,555,N506SW,77,MDW,OMA,423,0,0
2008,1,3,1429,1547,WN,1066,N440LV,78,MDW,OMA,423,0,0
2008,1,3,1841,2004,WN,1423,N658SW,83,MDW,OMA,423,0,0
2008,1,3,709,829,WN,2544,N374SW,80,MDW,OMA,423,0,0
2008,1,3,2239,2358,WN,3491,N523SW,79,MDW,OMA,423,0,0
2008,1,3,1741,1901,WN,3832,N205WN,80,MDW,OMA,423,0,0
2008,1,3,1340,1627,WN,568,N754SW,107,MDW,ORF,704,0,0
2008,1,3,2041,2327,WN,3510,N298WN,106,MDW,ORF,704,0,0
2008,1,3,855,1116,WN,561,N766SW,261,MDW,PDX,1751,0,0
2008,1,3,1921,2142,WN,2804,N255WN,261,MDW,PDX,1751,0,0
2008,1,3,1548,1834,WN,79,N211WN,106,MDW,PHL,668,0,0
2008,1,3,633,934,WN,235,N901WN,121,MDW,PHL,668,0,0
2008,1,3,1305,1558,WN,792,N900WN,113,MDW,PHL,668,0,0
2008,1,3,2047,2331,WN,1136,N733SA,104,MDW,PHL,668,0,0
2008,1,3,1812,2054,WN,2789,N209WN,102,MDW,PHL,668,0,0
2008,1,3,618,912,WN,3153,N347SW,114,MDW,PHL,668,0,0
2008,1,3,955,1242,WN,3757,N446WN,107,MDW,PHL,668,0,0
2008,1,3,2205,43,WN,3927,N459WN,98,MDW,PHL,668,0,0
2008,1,3,833,1114,WN,259,N483WN,221,MDW,PHX,1444,0,0
2008,1,3,656,946,WN,616,N495WN,230,MDW,PHX,1444,0,0
2008,1,3,1608,1902,WN,921,N430WN,234,MDW,PHX,1444,0,0
2008,1,3,2126,24,WN,1023,N216WR,238,MDW,PHX,1444,0,0
2008,1,3,1757,2043,WN,1827,N420WN,226,MDW,PHX,1444,0,0
2008,1,3,1310,1555,WN,1842,N723SW,225,MDW,PHX,1444,0,0
2008,1,3,2234,118,WN,3336,N208WN,224,MDW,PHX,1444,0,0
2008,1,3,1038,1322,WN,3501,N732SW,224,MDW,PHX,1444,0,0
2008,1,3,2146,2350,WN,337,N488WN,64,MDW,PIT,402,0,0
2008,1,3,750,1002,WN,1414,N402WN,72,MDW,PIT,402,0,0
2008,1,3,1542,1805,WN,2445,N651SW,83,MDW,PIT,402,0,0
2008,1,3,1147,1402,WN,3170,N430WN,75,MDW,PIT,402,0,0
2008,1,3,1852,2059,WN,3249,N208WN,67,MDW,PIT,402,0,0
2008,1,3,621,844,WN,3414,N732SW,83,MDW,PIT,402,0,0
2008,1,3,652,1012,WN,1064,N386SW,140,MDW,PVD,842,0,0
2008,1,3,2154,50,WN,2174,N623SW,116,MDW,PVD,842,0,0
2008,1,3,1253,1550,WN,2974,N447WN,117,MDW,PVD,842,0,0
2008,1,3,1853,2153,WN,3831,N451WN,120,MDW,PVD,842,0,0
2008,1,3,1555,1834,WN,255,N411WN,99,MDW,RDU,632,0,0
2008,1,3,1229,1511,WN,1429,N657SW,102,MDW,RDU,632,0,0
2008,1,3,2103,2340,WN,3063,N551WN,97,MDW,RDU,632,0,0
2008,1,3,726,957,WN,3675,N269WN,91,MDW,RDU,632,0,0
2008,1,3,1523,1734,WN,1276,N265WN,251,MDW,RNO,1680,0,0
2008,1,3,1212,1543,WN,1218,N233LV,151,MDW,RSW,1105,0,0
2008,1,3,2058,38,WN,1558,N310SW,160,MDW,RSW,1105,0,0
2008,1,3,1138,1517,WN,3413,N374SW,159,MDW,RSW,1105,0,0
2008,1,3,1341,1602,WN,299,N718SW,261,MDW,SAN,1728,0,0
2008,1,3,720,934,WN,339,N213WN,254,MDW,SAN,1728,0,0
2008,1,3,914,1129,WN,635,N729SW,255,MDW,SAN,1728,0,0
2008,1,3,1457,1725,WN,1188,N254WN,268,MDW,SAN,1728,0,0
2008,1,3,1933,2202,WN,2729,N754SW,269,MDW,SAN,1728,0,0
2008,1,3,822,1048,WN,511,N272WN,146,MDW,SAT,1036,0,0
2008,1,3,2112,2346,WN,1394,N294WN,154,MDW,SAT,1036,0,0
2008,1,3,2241,48,WN,74,N764SW,67,MDW,SDF,271,0,0
2008,1,3,638,843,WN,247,N369SW,65,MDW,SDF,271,0,0
2008,1,3,1835,2035,WN,693,N232WN,60,MDW,SDF,271,0,0
2008,1,3,1424,1620,WN,823,N725SW,56,MDW,SDF,271,0,0
2008,1,3,1110,1307,WN,2019,N392SW,57,MDW,SDF,271,0,0
2008,1,3,2140,2,WN,421,N205WN,262,MDW,SEA,1733,0,0
2008,1,3,1110,1323,WN,658,N231WN,253,MDW,SEA,1733,0,0
2008,1,3,824,1049,WN,2702,N209WN,265,MDW,SEA,1733,0,0
2008,1,3,2131,29,WN,1009,N478WN,298,MDW,SFO,1855,0,0
2008,1,3,1736,2031,WN,1837,N761RR,295,MDW,SFO,1855,0,0
2008,1,3,1319,1615,WN,3846,N751SW,296,MDW,SFO,1855,0,0
2008,1,3,824,1059,WN,220,N275WN,275,MDW,SJC,1838,0,0
2008,1,3,1900,2141,WN,2199,N900WN,281,MDW,SJC,1838,0,0
2008,1,3,1024,1245,WN,151,N750SA,201,MDW,SLC,1258,0,0
2008,1,3,1725,1948,WN,1662,N461WN,203,MDW,SLC,1258,0,0
2008,1,3,2052,2319,WN,163,N469WN,267,MDW,SMF,1790,0,0
2008,1,3,840,1116,WN,3145,N201LV,276,MDW,SMF,1790,0,0
2008,1,3,1138,1235,WN,29,N652SW,57,MDW,STL,251,0,0
2008,1,3,1802,1900,WN,166,N741SA,58,MDW,STL,251,0,0
2008,1,3,2208,2259,WN,393,N278WN,51,MDW,STL,251,0,0
2008,1,3,1934,2037,WN,490,N651SW,63,MDW,STL,251,0,0
2008,1,3,734,836,WN,631,N457WN,62,MDW,STL,251,0,0
2008,1,3,1558,1702,WN,952,N675AA,64,MDW,STL,251,0,0
2008,1,3,NA,NA,WN,1402,,NA,MDW,STL,251,1,0
2008,1,3,634,740,WN,1586,N293,66,MDW,STL,251,0,0
2008,1,3,822,921,WN,2177,N522SW,59,MDW,STL,251,0,0
2008,1,3,NA,NA,WN,2205,,NA,MDW,STL,251,1,0
2008,1,3,1754,1853,WN,2263,N514SW,59,MDW,STL,251,0,0
2008,1,3,1355,1451,WN,2361,N348SW,56,MDW,STL,251,0,0
2008,1,3,1806,2126,WN,26,N330SW,140,MDW,TPA,997,0,0
2008,1,3,911,1232,WN,89,N710SW,141,MDW,TPA,997,0,0
2008,1,3,1412,1730,WN,477,N433LV,138,MDW,TPA,997,0,0
2008,1,3,2221,135,WN,514,N432WN,134,MDW,TPA,997,0,0
2008,1,3,634,952,WN,979,N751SW,138,MDW,TPA,997,0,0
2008,1,3,1841,2200,WN,1153,N440LV,139,MDW,TPA,997,0,0
2008,1,3,1100,1414,WN,1847,N499WN,134,MDW,TPA,997,0,0
2008,1,3,1149,1424,WN,280,N460WN,215,MDW,TUS,1440,0,0
2008,1,3,2015,2301,WN,422,N779SW,226,MDW,TUS,1440,0,0
2008,1,3,1216,1329,WN,145,N482WN,73,MHT,BWI,377,0,0
2008,1,3,736,854,WN,420,N268WN,78,MHT,BWI,377,0,0
2008,1,3,1858,2015,WN,435,N276WN,77,MHT,BWI,377,0,0
2008,1,3,1044,1155,WN,1061,N422WN,71,MHT,BWI,377,0,0
2008,1,3,2211,2327,WN,2038,N674AA,76,MHT,BWI,377,0,0
2008,1,3,608,733,WN,2110,N452WN,85,MHT,BWI,377,0,0
2008,1,3,855,1019,WN,2266,N687SW,84,MHT,BWI,377,0,0
2008,1,3,1512,1656,WN,2437,N225WN,104,MHT,BWI,377,0,0
2008,1,3,1755,1910,WN,2611,N458WN,75,MHT,BWI,377,0,0
2008,1,3,1618,1736,WN,3226,N308SA,78,MHT,BWI,377,0,0
2008,1,3,1404,1518,WN,3691,N257WN,74,MHT,BWI,377,0,0
2008,1,3,754,1028,WN,2719,N466WN,334,MHT,LAS,2356,0,0
2008,1,3,1206,1511,WN,976,N235WN,185,MHT,MCO,1142,0,0
2008,1,3,1005,1255,WN,1933,N419WN,170,MHT,MCO,1142,0,0
2008,1,3,1909,2158,WN,2213,N291WN,169,MHT,MCO,1142,0,0
2008,1,3,641,931,WN,2980,N252WN,170,MHT,MCO,1142,0,0
2008,1,3,2332,216,WN,3680,N606SW,164,MHT,MCO,1142,0,0
2008,1,3,1048,1201,WN,813,N679AA,133,MHT,MDW,838,0,0
2008,1,3,2114,2234,WN,2704,N462WN,140,MHT,MDW,838,0,0
2008,1,3,1824,1941,WN,2888,N713SW,137,MHT,MDW,838,0,0
2008,1,3,1448,1601,WN,2900,N761RR,133,MHT,MDW,838,0,0
2008,1,3,627,745,WN,3145,N201LV,138,MHT,MDW,838,0,0
